,lien,titre annonce,price,spans,proprietere,tags,images
0,https://www.avito.ma/fr/hay_el_qods/voitures_d_occasion/Mercedes_Benz_GLA_220_d_4MATIC___2026_56917562.htm,Mercedes-Benz GLA 220 d 4MATIC ‚Äì 2026,,"['Hay El Qods, Oujda', 'il y a 15 heures', 'Hay El Qods, Oujda', 'il y a 15 heures']",C ZAM AUTO oujda,"[""Voitures d'occasion, √† vendre"", '2025', 'Automatique', 'Diesel', '0', 'Mercedes-Benz', 'Classe GLA', 'ABS', 'Airbags', 'CD/MP3/Bluetooth', 'Cam√©ra de recul', 'Climatisation', 'ESP']","['https://content.avito.ma/classifieds/images/10138917020?t=images', 'https://content.avito.ma/classifieds/images/10138917028?t=images', 'https://content.avito.ma/classifieds/images/10138917020?t=images', 'https://content.avito.ma/classifieds/images/10138917028?t=images']"
1,https://www.avito.ma/fr/2_mars/voitures_d_occasion/Mercedes_g_63_Amg_54697699.htm,Mercedes g 63 Amg,,"['2 Mars, Casablanca', 'il y a 23 heures', '2 Mars, Casablanca', 'il y a 23 heures']",RT auto,"[""Voitures d'occasion, √† vendre"", '2022', 'Automatique', 'Essence', '60000', 'Mercedes-Benz', 'Classe G', 'ABS', 'Airbags', 'CD/MP3/Bluetooth', 'Cam√©ra de recul', 'Climatisation', 'ESP']","['https://content.avito.ma/classifieds/images/10144785751?t=images', 'https://content.avito.ma/classifieds/images/10144785757?t=images', 'https://content.avito.ma/classifieds/images/10144785751?t=images', 'https://content.avito.ma/classifieds/images/10144785757?t=images']"
2,https://www.avito.ma/fr/almaz/voitures_d_occasion/Audi_Q3_Diesel_Automatique_2021_√†_Casablanca_56569069.htm,Audi Q3 Diesel Automatique 2021 √† Casablanca,,"['Almaz, Casablanca', 'il y a 2 heures', 'Almaz, Casablanca', 'il y a 2 heures']",Auto Aymane,"[""Voitures d'occasion, √† vendre"", '2016', 'Automatique', 'Diesel', '199000', 'Audi', 'Q3', 'ABS', 'Airbags', 'CD/MP3/Bluetooth', 'Cam√©ra de recul', 'Climatisation', 'ESP']","['https://content.avito.ma/classifieds/images/10143963994?t=images', 'https://content.avito.ma/classifieds/images/10143963983?t=images', 'https://content.avito.ma/classifieds/images/10143963994?t=images', 'https://content.avito.ma/classifieds/images/10143963983?t=images']"
3,https://www.avito.ma/fr/maarif/voitures_d_occasion/Range_Rover_Sport_HSE_56539615.htm,Range Rover Sport HSE,Prix √† la baisse480‚ÄØ000 DH,"['Maarif, Casablanca', 'il y a 8 minutes', 'Maarif, Casablanca', 'il y a 8 minutes']",AUTO REDA,"[""Voitures d'occasion, √† vendre"", '2020', 'Automatique', 'Diesel', '100000', 'Land Rover', 'Range Rover Sport', 'ABS', 'Airbags', 'CD/MP3/Bluetooth', 'Cam√©ra de recul', 'Climatisation', 'ESP']","['https://content.avito.ma/classifieds/images/10135654505?t=images', 'https://content.avito.ma/classifieds/images/10135654506?t=images', 'https://content.avito.ma/classifieds/images/10135654505?t=images', 'https://content.avito.ma/classifieds/images/10135654506?t=images']"
4,https://www.avito.ma/fr/maarif/voitures_d_occasion/Porsche_Cayenne_Coup√©_Sport_Design_57189419.htm,Porsche Cayenne Coup√© Sport Design,,"['Maarif, Casablanca', 'il y a 6 minutes', 'Maarif, Casablanca', 'il y a 6 minutes']",AUTO REDA,"[""Voitures d'occasion, √† vendre"", '2024', 'Automatique', 'Hybride', '60000', 'Porsche', 'Cayenne', 'ABS', 'Airbags', 'CD/MP3/Bluetooth', 'Cam√©ra de recul', 'Climatisation', 'ESP']","['https://content.avito.ma/classifieds/images/10145105743?t=images', 'https://content.avito.ma/classifieds/images/10145105742?t=images', 'https://content.avito.ma/classifieds/images/10145105743?t=images', 'https://content.avito.ma/classifieds/images/10145105742?t=images']"
5,https://www.avito.ma/fr/centre/voitures_d_occasion/Nouvelle_Mercedes_CLA_250_√©lectrique_57381676.htm,Nouvelle Mercedes CLA 250 √©lectrique,,"['Centre, K√©nitra', 'il y a 6 minutes', 'Centre, K√©nitra', 'il y a 6 minutes']",C-Cars,"[""Voitures d'occasion, √† vendre"", '2026', 'Automatique', 'Electrique', '0', 'Mercedes-Benz', 'Classe CLA', 'ABS', 'Airbags', 'CD/MP3/Bluetooth', 'Cam√©ra de recul', 'Climatisation', 'ESP']","['https://content.avito.ma/classifieds/images/10143784208?t=images', 'https://content.avito.ma/classifieds/images/10143784210?t=images', 'https://content.avito.ma/classifieds/images/10143784208?t=images', 'https://content.avito.ma/classifieds/images/10143784210?t=images']"
6,https://www.avito.ma/fr/2_mars/voitures_d_occasion/Fiat_500_Sport_57282074.htm,Fiat 500 Sport,142‚ÄØ000 DH,"['2 Mars, Casablanca', 'il y a 7 minutes', '2 Mars, Casablanca', 'il y a 7 minutes']",Brookline auto,"[""Voitures d'occasion, √† vendre"", '2022', 'Automatique', 'Essence', '90000', 'Fiat', '500']","['https://content.avito.ma/classifieds/images/10142808056?t=images', 'https://content.avito.ma/classifieds/images/10142808057?t=images', 'https://content.avito.ma/classifieds/images/10142808056?t=images', 'https://content.avito.ma/classifieds/images/10142808057?t=images']"
7,https://www.avito.ma/fr/maarif/voitures_d_occasion/Range_Rover_Sport_Autobiographie_56598758.htm,Range Rover Sport Autobiographie,Prix √† la baisse600‚ÄØ000 DH,"['Maarif, Casablanca', 'il y a 6 minutes', 'Maarif, Casablanca', 'il y a 6 minutes']",AUTO REDA,"[""Voitures d'occasion, √† vendre"", '2020', 'Automatique', 'Diesel', '110000', 'Land Rover', 'Range Rover Sport', 'ABS', 'Airbags', 'CD/MP3/Bluetooth', 'Cam√©ra de recul', 'Climatisation', 'ESP']","['https://content.avito.ma/classifieds/images/10136160273?t=images', 'https://content.avito.ma/classifieds/images/10136160272?t=images', 'https://content.avito.ma/classifieds/images/10136160273?t=images', 'https://content.avito.ma/classifieds/images/10136160272?t=images']"
8,https://www.avito.ma/fr/agdal/voitures_d_occasion/BMW_s√©rie_745_E_hybride_rechargeable_57399794.htm,BMW s√©rie 745 E hybride rechargeable,,"['Agdal, Rabat', 'il y a 6 minutes', 'Agdal, Rabat', 'il y a 6 minutes']",PARTICULIER,"[""Voitures d'occasion, √† vendre"", '2020', 'Automatique', 'Hybride', '100000', 'BMW', 'S√©rie 7', 'ABS', 'Airbags', 'CD/MP3/Bluetooth', 'Cam√©ra de recul', 'Climatisation', 'ESP']","['https://content.avito.ma/classifieds/images/10144721927?t=images', 'https://content.avito.ma/classifieds/images/10144721919?t=images', 'https://content.avito.ma/classifieds/images/10144721927?t=images', 'https://content.avito.ma/classifieds/images/10144721919?t=images']"
9,https://www.avito.ma/fr/ain_sebaa/voitures_d_occasion/Mercedes_Benz_Classe_ML_Diesel_Automatique_2008_57405026.htm,Mercedes-Benz Classe ML Diesel Automatique 2008,140‚ÄØ000 DH,"['Ain Sebaa, Casablanca', 'il y a 6 minutes', 'Ain Sebaa, Casablanca', 'il y a 6 minutes']",autocash.ma,"[""Voitures d'occasion, √† vendre"", '2008', 'Automatique', 'Diesel', '203000', 'Mercedes-Benz', 'Classe ML']","['https://content.avito.ma/classifieds/images/10143997732?t=images', 'https://content.avito.ma/classifieds/images/10143997731?t=images', 'https://content.avito.ma/classifieds/images/10143997732?t=images', 'https://content.avito.ma/classifieds/images/10143997731?t=images']"
10,https://www.avito.ma/fr/maarif/voitures_d_occasion/AUDI_A7_S_LINE_57174980.htm,AUDI A7 S-LINE,720‚ÄØ000 DH,"['Maarif, Casablanca', 'il y a 10 minutes', 'Maarif, Casablanca', 'il y a 10 minutes']",AUTO REDA,"[""Voitures d'occasion, √† vendre"", '2021', 'Automatique', 'Diesel', '95000', 'Audi', 'A7', 'ABS', 'Airbags', 'CD/MP3/Bluetooth', 'Cam√©ra de recul', 'Climatisation', 'ESP']","['https://content.avito.ma/classifieds/images/10144773411?t=images', 'https://content.avito.ma/classifieds/images/10144773404?t=images', 'https://content.avito.ma/classifieds/images/10144773411?t=images', 'https://content.avito.ma/classifieds/images/10144773404?t=images']"
11,https://www.avito.ma/fr/mers_sultan/voitures_de_location/location_de_voiture_55827594.htm,location de voiture,,"['Mers Sultan, Casablanca', 'il y a 8 minutes', 'Mers Sultan, Casablanca', 'il y a 8 minutes']",GAOU CAR,"['Voitures de location, √† louer']","['https://content.avito.ma/classifieds/images/10130277085?t=images', 'https://content.avito.ma/classifieds/images/10128872762?t=images', 'https://content.avito.ma/classifieds/images/10130277085?t=images', 'https://content.avito.ma/classifieds/images/10128872762?t=images']"
12,https://www.avito.ma/fr/ain_sebaa/voitures_d_occasion/Kia_Picanto_1_0_l_67_Motion_57304878.htm,Kia Picanto 1.0 l 67 Motion,116‚ÄØ000 DH,"['Ain Sebaa, Casablanca', 'il y a 8 minutes', 'Ain Sebaa, Casablanca', 'il y a 8 minutes']",otoclic casablanca,"[""Voitures d'occasion, √† vendre"", '2022', 'Manuelle', 'Essence', '90000', 'Kia', 'Picanto', 'ABS', 'Airbags', 'CD/MP3/Bluetooth', 'Climatisation', 'ESP', 'Ordinateur de bord']","['https://content.avito.ma/classifieds/images/10143041939?t=images', 'https://content.avito.ma/classifieds/images/10143041942?t=images', 'https://content.avito.ma/classifieds/images/10143041939?t=images', 'https://content.avito.ma/classifieds/images/10143041942?t=images']"
13,https://www.avito.ma/fr/saada/voitures_d_occasion/Peugeot_2008_Diesel_Manuelle_2016_√†_El_Jadida_57511936.htm,Peugeot 2008 Diesel Manuelle 2016 √† El Jadida,133‚ÄØ000 DH,"['Saada, El Jadida', 'il y a 7 minutes', 'Saada, El Jadida', 'il y a 7 minutes']",Amine,"[""Voitures d'occasion, √† vendre"", '2016', 'Manuelle', 'Diesel', '186000', 'Peugeot', '2008', 'ABS', 'Climatisation', 'Jantes aluminium', 'Limiteur de vitesse', 'Ordinateur de bord', 'Radar de recul']","['https://content.avito.ma/classifieds/images/10145113541?t=images', 'https://content.avito.ma/classifieds/images/10145113540?t=images', 'https://content.avito.ma/classifieds/images/10145113541?t=images', 'https://content.avito.ma/classifieds/images/10145113540?t=images']"
14,https://www.avito.ma/fr/hay_rahma/voitures_d_occasion/Kia_Picanto_57511934.htm,Kia Picanto,58‚ÄØ000 DH,"['Hay Rahma, Sal√©', 'il y a 7 minutes', 'Hay Rahma, Sal√©', 'il y a 7 minutes']",Abderrazak ezzahir,"[""Voitures d'occasion, √† vendre"", '2007', 'Manuelle', 'Essence', '170000', 'Kia', 'Picanto', 'CD/MP3/Bluetooth', 'Cam√©ra de recul', 'Ordinateur de bord', 'Verrouillage centralis√© √† distance', 'Vitres √©lectriques']","['https://content.avito.ma/classifieds/images/10145113524?t=images', 'https://content.avito.ma/classifieds/images/10145113521?t=images', 'https://content.avito.ma/classifieds/images/10145113524?t=images', 'https://content.avito.ma/classifieds/images/10145113521?t=images']"
15,https://www.avito.ma/fr/maarif/voitures_d_occasion/Passat_cc_170_ch_BVA_57511935.htm,Passat cc 170 ch BVA,173‚ÄØ000 DH,"['Maarif, Casablanca', 'il y a 7 minutes', 'Maarif, Casablanca', 'il y a 7 minutes']",MLy Ali,"[""Voitures d'occasion, √† vendre"", '2017', 'Automatique', 'Diesel', '215000', 'Volkswagen', 'Passat', 'ABS', 'Airbags', 'CD/MP3/Bluetooth', 'Cam√©ra de recul', 'Climatisation', 'ESP']","['https://content.avito.ma/classifieds/images/10145113555?t=images', 'https://content.avito.ma/classifieds/images/10145113559?t=images', 'https://content.avito.ma/classifieds/images/10145113555?t=images', 'https://content.avito.ma/classifieds/images/10145113559?t=images']"
16,https://www.avito.ma/fr/ain_sebaa/voitures_de_location/Location_de_voiture_Hyundai_accent_52700159.htm,Location de voiture Hyundai accent,183 DH,"['Ain Sebaa, Casablanca', 'il y a 7 minutes', 'Ain Sebaa, Casablanca', 'il y a 7 minutes']",Catalania Car,"['Voitures de location, √† louer']",['https://content.avito.ma/classifieds/images/10094166829?t=images']
17,https://www.avito.ma/fr/fes_jdid/voitures_d_occasion/Opel_Corsa_Diesel_Manuelle_2021_√†_F√®s_57443608.htm,Opel Corsa Diesel Manuelle 2021 √† F√®s,153‚ÄØ000 DH,"['Fes Jdid, F√®s', 'il y a 7 minutes', 'Fes Jdid, F√®s', 'il y a 7 minutes']",Otoclic,"[""Voitures d'occasion, √† vendre"", '2021', 'Manuelle', 'Diesel', '80000', 'Opel', 'Corsa', 'ABS', 'Airbags', 'CD/MP3/Bluetooth', 'Climatisation', 'ESP', 'Limiteur de vitesse']","['https://content.avito.ma/classifieds/images/10144365302?t=images', 'https://content.avito.ma/classifieds/images/10144365316?t=images', 'https://content.avito.ma/classifieds/images/10144365302?t=images', 'https://content.avito.ma/classifieds/images/10144365316?t=images']"
18,https://www.avito.ma/fr/centre/voitures_d_occasion/Audi_Rsq8_essence_57362229.htm,Audi Rsq8 essence,,"['Centre, Tanger', 'il y a 6 minutes', 'Centre, Tanger', 'il y a 6 minutes']",LUXE AUTO RIF,"[""Voitures d'occasion, √† vendre"", '2021', 'Automatique', 'Essence', '52000', 'Audi', 'Q8']","['https://content.avito.ma/classifieds/images/10144451939?t=images', 'https://content.avito.ma/classifieds/images/10144451940?t=images', 'https://content.avito.ma/classifieds/images/10144451939?t=images', 'https://content.avito.ma/classifieds/images/10144451940?t=images']"
19,https://www.avito.ma/fr/c.i.l/voitures_d_occasion/Bmw_Serie_3_Pack_M_57373007.htm,Bmw Serie 3 Pack M,220‚ÄØ000 DH,"['C.I.L, Casablanca', 'il y a 6 minutes', 'C.I.L, Casablanca', 'il y a 6 minutes']",Boutique,"[""Voitures d'occasion, √† vendre"", '2015', 'Automatique', 'Diesel', '200000', 'BMW', 'S√©rie 3', 'ABS', 'Airbags', 'CD/MP3/Bluetooth', 'Climatisation', 'ESP', 'Jantes aluminium']","['https://content.avito.ma/classifieds/images/10143704770?t=images', 'https://content.avito.ma/classifieds/images/10143704772?t=images', 'https://content.avito.ma/classifieds/images/10143704770?t=images', 'https://content.avito.ma/classifieds/images/10143704772?t=images']"
20,https://www.avito.ma/fr/khouribga/voitures_d_occasion/Mercedes_GLC_54103043.htm,Mercedes GLC,339‚ÄØ000 DH,"['Toute la ville, Khouribga', 'il y a 6 minutes', 'Toute la ville, Khouribga', 'il y a 6 minutes']",galerie yassine,"[""Voitures d'occasion, √† vendre"", '2019', 'Automatique', 'Diesel', '180000', 'Mercedes-Benz', 'Classe CLC', 'ABS', 'Airbags', 'CD/MP3/Bluetooth', 'Cam√©ra de recul', 'Climatisation', 'ESP']","['https://content.avito.ma/classifieds/images/10140979519?t=images', 'https://content.avito.ma/classifieds/images/10140979527?t=images', 'https://content.avito.ma/classifieds/images/10140979519?t=images', 'https://content.avito.ma/classifieds/images/10140979527?t=images']"
21,https://www.avito.ma/fr/centre_ville/voitures_d_occasion/Jeep_Grand_Cherokee_Diesel_Automatique_2016_57496615.htm,Jeep Grand Cherokee Diesel Automatique 2016,125‚ÄØ000 DH,"['Centre ville, Tanger', 'il y a 6 minutes', 'Centre ville, Tanger', 'il y a 6 minutes']",Said,"[""Voitures d'occasion, √† vendre"", '2016', 'Automatique', 'Diesel', '245000', 'Jeep', 'Grand Cherokee', 'ABS', 'Airbags', 'CD/MP3/Bluetooth', 'Cam√©ra de recul', 'Climatisation', 'ESP']","['https://content.avito.ma/classifieds/images/10144956768?t=images', 'https://content.avito.ma/classifieds/images/10144956607?t=images', 'https://content.avito.ma/classifieds/images/10144956768?t=images', 'https://content.avito.ma/classifieds/images/10144956607?t=images']"
22,https://www.avito.ma/fr/maarif/voitures_d_occasion/Mercedes_Benz_Classe_G_900_Pack_BRABUS_56878069.htm,Mercedes-Benz Classe G 900 Pack BRABUS,,"['Maarif, Casablanca', 'il y a 13 minutes', 'Maarif, Casablanca', 'il y a 13 minutes']",AUTO REDA,"[""Voitures d'occasion, √† vendre"", '2023', 'Automatique', 'Essence', '40000', 'Mercedes-Benz', 'Classe G', 'ABS', 'Airbags', 'CD/MP3/Bluetooth', 'Cam√©ra de recul', 'Climatisation', 'ESP']","['https://content.avito.ma/classifieds/images/10144334506?t=images', 'https://content.avito.ma/classifieds/images/10144334502?t=images', 'https://content.avito.ma/classifieds/images/10144334506?t=images', 'https://content.avito.ma/classifieds/images/10144334502?t=images']"
23,https://www.avito.ma/fr/maarif/voitures_d_occasion/RANGE_ROVER_VELAR_R_DYNAMIC_57043218.htm,RANGE ROVER VELAR R DYNAMIC,Prix en hausse420‚ÄØ000 DH,"['Maarif, Casablanca', 'il y a 12 minutes', 'Maarif, Casablanca', 'il y a 12 minutes']",AUTO REDA,"[""Voitures d'occasion, √† vendre"", '2019', 'Automatique', 'Diesel', '90000', 'Land Rover', 'Range Rover Velar']","['https://content.avito.ma/classifieds/images/10140184822?t=images', 'https://content.avito.ma/classifieds/images/10140184819?t=images', 'https://content.avito.ma/classifieds/images/10140184822?t=images', 'https://content.avito.ma/classifieds/images/10140184819?t=images']"
24,https://www.avito.ma/fr/autre_secteur/voitures_d_occasion/Jaguar_XJ_2010_expertis√©e_avec_financement_57447938.htm,Jaguar XJ 2010 expertis√©e avec financement,Prix √† la baisse159‚ÄØ000 DH,"['Autre secteur, Casablanca', 'il y a 11 minutes', 'Autre secteur, Casablanca', 'il y a 11 minutes']",autocash.ma,"[""Voitures d'occasion, √† vendre"", '2010', 'Automatique', 'Essence', '149648', 'Jaguar', 'XJ']","['https://content.avito.ma/classifieds/images/10144409309?t=images', 'https://content.avito.ma/classifieds/images/10144409310?t=images', 'https://content.avito.ma/classifieds/images/10144409309?t=images', 'https://content.avito.ma/classifieds/images/10144409310?t=images']"
25,https://www.avito.ma/fr/a√Øn_chock/voitures_d_occasion/Kia_Sportage_Diesel_Automatique_2025_√†_Casablanca_57373659.htm,Kia Sportage Diesel Automatique 2025 √† Casablanca,,"['A√Øn Chock, Casablanca', 'il y a 10 minutes', 'A√Øn Chock, Casablanca', 'il y a 10 minutes']",yassine,"[""Voitures d'occasion, √† vendre"", '2025', 'Automatique', 'Diesel', '4300', 'Kia', 'Sportage']","['https://content.avito.ma/classifieds/images/10143711954?t=images', 'https://content.avito.ma/classifieds/images/10143711969?t=images', 'https://content.avito.ma/classifieds/images/10143711954?t=images', 'https://content.avito.ma/classifieds/images/10143711969?t=images']"
26,https://www.avito.ma/fr/ain_sebaa/voitures_d_occasion/Mercedes_Benz_Classe_E_220_d_Avantgarde_50621024.htm,Mercedes Benz Classe E 220 d Avantgarde,Prix en hausse394‚ÄØ000 DH,"['Ain Sebaa, Casablanca', 'il y a 11 minutes', 'Ain Sebaa, Casablanca', 'il y a 11 minutes']",otoclic casablanca,"[""Voitures d'occasion, √† vendre"", '2019', 'Automatique', 'Diesel', '14200', 'Mercedes-Benz', 'Classe E', 'ABS', 'Airbags', 'CD/MP3/Bluetooth', 'Cam√©ra de recul', 'Climatisation', 'ESP']","['https://content.avito.ma/classifieds/images/10143337671?t=images', 'https://content.avito.ma/classifieds/images/10143337674?t=images', 'https://content.avito.ma/classifieds/images/10143337671?t=images', 'https://content.avito.ma/classifieds/images/10143337674?t=images']"
27,https://www.avito.ma/fr/hay_riad/voitures_d_occasion/Mercedes_classe_E_57262423.htm,Mercedes classe E,268‚ÄØ000 DH,"['Hay Riad, Rabat', 'il y a 10 minutes', 'Hay Riad, Rabat', 'il y a 10 minutes']",Ali,"[""Voitures d'occasion, √† vendre"", '2017', 'Automatique', 'Diesel', '210000', 'Mercedes-Benz', 'Classe E', 'ABS', 'Airbags', 'CD/MP3/Bluetooth', 'Cam√©ra de recul', 'Climatisation', 'ESP']","['https://content.avito.ma/classifieds/images/10144872000?t=images', 'https://content.avito.ma/classifieds/images/10144872003?t=images', 'https://content.avito.ma/classifieds/images/10144872000?t=images', 'https://content.avito.ma/classifieds/images/10144872003?t=images']"
28,https://www.avito.ma/fr/al_hadiqa/voitures_d_occasion/passat_cc_2015_57511919.htm,passat cc 2015,170‚ÄØ000 DH,"['Al Hadiqa, F√®s', 'il y a 9 minutes', 'Al Hadiqa, F√®s', 'il y a 9 minutes']",ahmed,"[""Voitures d'occasion, √† vendre"", '2015', 'Manuelle', 'Diesel', '176000', 'Volkswagen', 'Passat', 'Jantes aluminium']","['https://content.avito.ma/classifieds/images/10145113397?t=images', 'https://content.avito.ma/classifieds/images/10145113398?t=images', 'https://content.avito.ma/classifieds/images/10145113397?t=images', 'https://content.avito.ma/classifieds/images/10145113398?t=images']"
29,https://www.avito.ma/fr/ma√¢rif_extension/voitures_d_occasion/Seat_Ibiza_1_6_TDI_57483504.htm,Seat Ibiza 1.6 TDI,105‚ÄØ000 DH,"['Ma√¢rif Extension, Casablanca', 'il y a 9 minutes', 'Ma√¢rif Extension, Casablanca', 'il y a 9 minutes']",faycal,"[""Voitures d'occasion, √† vendre"", '2012', 'Manuelle', 'Diesel', '72000', 'Seat', 'Ibiza', 'Climatisation', 'Jantes aluminium', 'Limiteur de vitesse', 'R√©gulateur de vitesse', 'Verrouillage centralis√© √† distance', 'Vitres √©lectriques']","['https://content.avito.ma/classifieds/images/10144796452?t=images', 'https://content.avito.ma/classifieds/images/10144796453?t=images', 'https://content.avito.ma/classifieds/images/10144796452?t=images', 'https://content.avito.ma/classifieds/images/10144796453?t=images']"
30,https://www.avito.ma/fr/2_mars/voitures_d_occasion/Citro√´n_C3_aircross_diesel_55802109.htm,Citro√´n C3 aircross diesel,Prix √† la baisse195‚ÄØ000 DH,"['2 Mars, Casablanca', 'il y a 16 minutes', '2 Mars, Casablanca', 'il y a 16 minutes']",Brookline auto,"[""Voitures d'occasion, √† vendre"", '2024', 'Automatique', 'Diesel', '70000', 'Citro√´n', 'C3']","['https://content.avito.ma/classifieds/images/10144720036?t=images', 'https://content.avito.ma/classifieds/images/10144720038?t=images', 'https://content.avito.ma/classifieds/images/10144720036?t=images', 'https://content.avito.ma/classifieds/images/10144720038?t=images']"
31,https://www.avito.ma/fr/deroua/voitures_de_location/Location_de_voiture_A√©roport_Mohamed_5_Casa_54000602.htm,Location de voiture A√©roport Mohamed 5 Casa,199 DH,"['Toute la ville, Deroua', 'il y a 13 minutes', 'Toute la ville, Deroua', 'il y a 13 minutes']",VAL CAR,"['Voitures de location, √† louer']",['https://content.avito.ma/classifieds/images/10134249658?t=images']
32,https://www.avito.ma/fr/belv√©d√®re/voitures_de_location/location_de_voiture_Fiat_Tipo_Diesel_tt_options_51634736.htm,location de voiture Fiat Tipo Diesel tt options,183 DH,"['Belv√©d√®re, Casablanca', 'il y a 12 minutes', 'Belv√©d√®re, Casablanca', 'il y a 12 minutes']",Catalania Car,"['Voitures de location, √† louer']",['https://content.avito.ma/classifieds/images/10083556376?t=images']
33,https://www.avito.ma/fr/hassan/voitures_d_occasion/volkswagen_touran_55637006.htm,volkswagen touran,,"['Hassan, Rabat', 'il y a 14 minutes', 'Hassan, Rabat', 'il y a 14 minutes']",Taha Wadii,"[""Voitures d'occasion, √† vendre"", '2015', 'Automatique', 'Diesel', '190000', 'Volkswagen', 'Touran', 'ABS', 'Airbags', 'CD/MP3/Bluetooth', 'Cam√©ra de recul', 'Climatisation', 'ESP']","['https://content.avito.ma/classifieds/images/10133846249?t=images', 'https://content.avito.ma/classifieds/images/10133846237?t=images', 'https://content.avito.ma/classifieds/images/10133846249?t=images', 'https://content.avito.ma/classifieds/images/10133846237?t=images']"
34,https://www.avito.ma/fr/2_mars/voitures_d_occasion/HYUNDAI_Tucson_1_6_CRDi_134_AT_Ultimate_57282166.htm,HYUNDAI Tucson 1.6 CRDi 134 AT Ultimate,Prix √† la baisse260‚ÄØ000 DH,"['2 Mars, Casablanca', 'il y a 15 minutes', '2 Mars, Casablanca', 'il y a 15 minutes']",Brookline auto,"[""Voitures d'occasion, √† vendre"", '2022', 'Automatique', 'Diesel', '120000', 'Hyundai', 'Tucson']","['https://content.avito.ma/classifieds/images/10144722251?t=images', 'https://content.avito.ma/classifieds/images/10144722250?t=images', 'https://content.avito.ma/classifieds/images/10144722251?t=images', 'https://content.avito.ma/classifieds/images/10144722250?t=images']"
35,https://www.avito.ma/fr/oasis/voitures_d_occasion/Range_Rover_Sport_3_0_D_Dynamic_√†_Casablanca_55741372.htm,Range Rover Sport 3.0 D Dynamic √† Casablanca,,"['Oasis, Casablanca', 'il y a 12 minutes', 'Oasis, Casablanca', 'il y a 12 minutes']",oasis cars,"[""Voitures d'occasion, √† vendre"", '2023', 'Automatique', 'Diesel', '60000', 'Land Rover', 'Range Rover Sport', 'ABS', 'Airbags', 'CD/MP3/Bluetooth', 'Cam√©ra de recul', 'Climatisation', 'ESP']","['https://content.avito.ma/classifieds/images/10142349304?t=images', 'https://content.avito.ma/classifieds/images/10142349309?t=images', 'https://content.avito.ma/classifieds/images/10142349304?t=images', 'https://content.avito.ma/classifieds/images/10142349309?t=images']"
36,https://www.avito.ma/fr/diour_jamaa/voitures_d_occasion/Audi_A5_Sportback___Bo√Æte_Automatique_57369129.htm,Audi A5 Sportback ‚Äì Bo√Æte Automatique,330‚ÄØ000 DH,"['Diour Jamaa, Rabat', 'il y a 12 minutes', 'Diour Jamaa, Rabat', 'il y a 12 minutes']",Amine,"[""Voitures d'occasion, √† vendre"", '2020', 'Automatique', 'Diesel', '140000', 'Audi', 'A5', 'ABS', 'Airbags', 'CD/MP3/Bluetooth', 'Cam√©ra de recul', 'Climatisation', 'ESP']","['https://content.avito.ma/classifieds/images/10143668531?t=images', 'https://content.avito.ma/classifieds/images/10143668536?t=images', 'https://content.avito.ma/classifieds/images/10143668531?t=images', 'https://content.avito.ma/classifieds/images/10143668536?t=images']"
37,https://www.avito.ma/fr/khouribga/voitures_d_occasion/Renault_Megane_4_54012641.htm,Renault Megane 4,169‚ÄØ000 DH,"['Toute la ville, Khouribga', 'il y a 12 minutes', 'Toute la ville, Khouribga', 'il y a 12 minutes']",galerie yassine,"[""Voitures d'occasion, √† vendre"", '2019', 'Automatique', 'Diesel', '120', 'Renault', 'Megane', 'ABS', 'Airbags', 'CD/MP3/Bluetooth', 'Cam√©ra de recul', 'Climatisation', 'ESP']","['https://content.avito.ma/classifieds/images/10144071040?t=images', 'https://content.avito.ma/classifieds/images/10144071035?t=images', 'https://content.avito.ma/classifieds/images/10144071040?t=images', 'https://content.avito.ma/classifieds/images/10144071035?t=images']"
38,https://www.avito.ma/fr/a√Øn_diab/voitures_d_occasion/Porsche_911_Targa_gts_57489342.htm,Porsche 911 Targa gts,,"['A√Øn Diab, Casablanca', 'il y a 21 heures', 'A√Øn Diab, Casablanca', 'il y a 21 heures']",Face lift auto,"[""Voitures d'occasion, √† vendre"", '2025', 'Automatique', 'Essence', '11000', 'Porsche', '911']","['https://content.avito.ma/classifieds/images/10144872110?t=images', 'https://content.avito.ma/classifieds/images/10144872111?t=images', 'https://content.avito.ma/classifieds/images/10144872110?t=images', 'https://content.avito.ma/classifieds/images/10144872111?t=images']"
39,https://www.avito.ma/fr/hay_izdihar/voitures_d_occasion/Kia_Sportage_Diesel_Automatique_2023_√†_Marrakech_57234104.htm,Kia Sportage Diesel Automatique 2023 √† Marrakech,290‚ÄØ000 DH,"['Hay Izdihar, Marrakech', 'il y a 21 heures', 'Hay Izdihar, Marrakech', 'il y a 21 heures']",Chraibi Mohamed,"[""Voitures d'occasion, √† vendre"", '2023', 'Automatique', 'Diesel', '80000', 'Kia', 'Sportage', 'ABS', 'Airbags', 'CD/MP3/Bluetooth', 'Cam√©ra de recul', 'Climatisation', 'ESP']","['https://content.avito.ma/classifieds/images/10142320173?t=images', 'https://content.avito.ma/classifieds/images/10142320153?t=images', 'https://content.avito.ma/classifieds/images/10142320173?t=images', 'https://content.avito.ma/classifieds/images/10142320153?t=images']"
40,https://www.avito.ma/fr/nouaceur/voitures_de_location/Hyundai_i10_Automatique_57188130.htm,Hyundai i10 Automatique,168 DH,"['Toute la ville, Nouaceur', 'il y a 21 heures', 'Toute la ville, Nouaceur', 'il y a 21 heures']",Huren Cars,"['Voitures de location, √† louer']","['https://content.avito.ma/classifieds/images/10141782774?t=images', 'https://content.avito.ma/classifieds/images/10141782775?t=images', 'https://content.avito.ma/classifieds/images/10141782774?t=images', 'https://content.avito.ma/classifieds/images/10141782775?t=images', 'https://content.avito.ma/classifieds/images/10141782774?t=images', 'https://content.avito.ma/classifieds/images/10141782775?t=images']"
41,https://www.avito.ma/fr/el_hajeb/voitures_d_occasion/Volkswagen_Passat_Diesel_Manuelle_2008_√†_El_Hajeb_57511916.htm,Volkswagen Passat Diesel Manuelle 2008 √† El Hajeb,89‚ÄØ000 DH,"['Toute la ville, El Hajeb', 'il y a 12 minutes', 'Toute la ville, El Hajeb', 'il y a 12 minutes']",Mohamed,"[""Voitures d'occasion, √† vendre"", '2008', 'Manuelle', 'Diesel', '340000', 'Volkswagen', 'Passat', 'ABS', 'Airbags', 'CD/MP3/Bluetooth', 'Climatisation', 'Jantes aluminium', 'Limiteur de vitesse']","['https://content.avito.ma/classifieds/images/10145113371?t=images', 'https://content.avito.ma/classifieds/images/10145113364?t=images', 'https://content.avito.ma/classifieds/images/10145113371?t=images', 'https://content.avito.ma/classifieds/images/10145113364?t=images']"
42,https://www.avito.ma/fr/hay_el_fath/voitures_d_occasion/Range_Rover_vogue_56779339.htm,Range Rover vogue,,"['Hay el Fath, Rabat', 'il y a 11 minutes', 'Hay el Fath, Rabat', 'il y a 11 minutes']",Auto Ali,"[""Voitures d'occasion, √† vendre"", '2015', 'Automatique', 'Diesel', '130000', 'Land Rover', 'Range Rover Vogue', 'ABS', 'Airbags', 'CD/MP3/Bluetooth', 'Cam√©ra de recul', 'Climatisation', 'ESP']","['https://content.avito.ma/classifieds/images/10141471243?t=images', 'https://content.avito.ma/classifieds/images/10141471241?t=images', 'https://content.avito.ma/classifieds/images/10141471243?t=images', 'https://content.avito.ma/classifieds/images/10141471241?t=images']"
43,https://www.avito.ma/fr/ain_sebaa/voitures_d_occasion/Peugeot_208_1_6_HDi_92_Active_Pack_57305082.htm,Peugeot 208 1.6 HDi 92 Active Pack,Prix √† la baisse167‚ÄØ000 DH,"['Ain Sebaa, Casablanca', 'il y a 17 minutes', 'Ain Sebaa, Casablanca', 'il y a 17 minutes']",otoclic casablanca,"[""Voitures d'occasion, √† vendre"", '2023', 'Manuelle', 'Diesel', '75000', 'Peugeot', '208', 'ABS', 'Airbags', 'CD/MP3/Bluetooth', 'Climatisation', 'ESP', 'Jantes aluminium']","['https://content.avito.ma/classifieds/images/10144363463?t=images', 'https://content.avito.ma/classifieds/images/10144363476?t=images', 'https://content.avito.ma/classifieds/images/10144363463?t=images', 'https://content.avito.ma/classifieds/images/10144363476?t=images']"
44,https://www.avito.ma/fr/ain_sebaa/voitures_d_occasion/Hyundai_Elantra_2023_avec_financement_57264739.htm,Hyundai Elantra 2023 avec financement,Prix √† la baisse239‚ÄØ000 DH,"['Ain Sebaa, Casablanca', 'il y a 16 minutes', 'Ain Sebaa, Casablanca', 'il y a 16 minutes']",autocash.ma,"[""Voitures d'occasion, √† vendre"", '2023', 'Automatique', 'Diesel', '120000', 'Hyundai', 'Elantra']","['https://content.avito.ma/classifieds/images/10142626082?t=images', 'https://content.avito.ma/classifieds/images/10142626079?t=images', 'https://content.avito.ma/classifieds/images/10142626082?t=images', 'https://content.avito.ma/classifieds/images/10142626079?t=images']"
45,https://www.avito.ma/fr/maarif/voitures_d_occasion/Porsche_Cayenne_√©dition_platinium_sport_design_53994816.htm,Porsche Cayenne √©dition platinium sport design,Prix en hausse450‚ÄØ000 DH,"['Maarif, Casablanca', 'il y a 18 minutes', 'Maarif, Casablanca', 'il y a 18 minutes']",AUTO REDA,"[""Voitures d'occasion, √† vendre"", '2018', 'Automatique', 'Diesel', '80000', 'Porsche', 'Cayenne', 'ABS', 'Airbags', 'CD/MP3/Bluetooth', 'Cam√©ra de recul', 'Climatisation', 'ESP']","['https://content.avito.ma/classifieds/images/10134891307?t=images', 'https://content.avito.ma/classifieds/images/10134891309?t=images', 'https://content.avito.ma/classifieds/images/10134891307?t=images', 'https://content.avito.ma/classifieds/images/10134891309?t=images']"
46,https://www.avito.ma/fr/2_mars/voitures_d_occasion/Mercedes_Benz_Classe_C_220d_Facelifte_pack_AMG_57180729.htm,Mercedes-Benz Classe C 220d Facelifte pack AMG,380‚ÄØ000 DH,"['2 Mars, Casablanca', 'il y a 17 minutes', '2 Mars, Casablanca', 'il y a 17 minutes']",Brookline auto,"[""Voitures d'occasion, √† vendre"", '2019', 'Automatique', 'Diesel', '139000', 'Mercedes-Benz', 'Classe C']","['https://content.avito.ma/classifieds/images/10143915111?t=images', 'https://content.avito.ma/classifieds/images/10143915107?t=images', 'https://content.avito.ma/classifieds/images/10143915111?t=images', 'https://content.avito.ma/classifieds/images/10143915107?t=images']"
47,https://www.avito.ma/fr/a√Øn_chock/voitures_d_occasion/Audi_Q5_S_line_quattro_allemande_57060739.htm,Audi Q5 S line quattro allemande,375‚ÄØ000 DH,"['A√Øn Chock, Casablanca', 'il y a 14 minutes', 'A√Øn Chock, Casablanca', 'il y a 14 minutes']",yassine,"[""Voitures d'occasion, √† vendre"", '2017', 'Automatique', 'Diesel', '200000', 'Audi', 'Q5']","['https://content.avito.ma/classifieds/images/10144540966?t=images', 'https://content.avito.ma/classifieds/images/10144540987?t=images', 'https://content.avito.ma/classifieds/images/10144540966?t=images', 'https://content.avito.ma/classifieds/images/10144540987?t=images']"
48,https://www.avito.ma/fr/hay_zaytoun/voitures_d_occasion/Hyundai_Creta_Automatique_2021_√†_Agadir_37360675.htm,Hyundai Creta Automatique 2021 √† Agadir,,"['Hay Zaytoun, Agadir', 'il y a 15 minutes', 'Hay Zaytoun, Agadir', 'il y a 15 minutes']",Auto Zaitoune,"[""Voitures d'occasion, √† vendre"", '2021', 'Automatique', 'Diesel', '127000', 'Hyundai', 'Creta', 'ABS', 'Airbags', 'CD/MP3/Bluetooth', 'Cam√©ra de recul', 'Climatisation', 'ESP']","['https://content.avito.ma/classifieds/images/10144123365?t=images', 'https://content.avito.ma/classifieds/images/10144123364?t=images', 'https://content.avito.ma/classifieds/images/10144123365?t=images', 'https://content.avito.ma/classifieds/images/10144123364?t=images']"
49,https://www.avito.ma/fr/a√Øn_chock/voitures_d_occasion/Porsche_Cayenne_Essence_Automatique_2021_57051651.htm,Porsche Cayenne Essence Automatique 2021,,"['A√Øn Chock, Casablanca', 'il y a 14 minutes', 'A√Øn Chock, Casablanca', 'il y a 14 minutes']",yassine,"[""Voitures d'occasion, √† vendre"", '2021', 'Automatique', 'Essence', '55000', 'Porsche', 'Cayenne']","['https://content.avito.ma/classifieds/images/10140273771?t=images', 'https://content.avito.ma/classifieds/images/10140273803?t=images', 'https://content.avito.ma/classifieds/images/10140273771?t=images', 'https://content.avito.ma/classifieds/images/10140273803?t=images']"
50,https://www.avito.ma/fr/yacoub_el_mansour/voitures_d_occasion/Mercedes_Benz_Classe_GLE350_MANUFAKTUR_2026_57373189.htm,Mercedes-Benz Classe GLE350 MANUFAKTUR 2026,,"['Yacoub El Mansour, Rabat', 'il y a 15 minutes', 'Yacoub El Mansour, Rabat', 'il y a 15 minutes']",Auto Dusseldorf,"[""Voitures d'occasion, √† vendre"", '2025', 'Automatique', 'Hybride', '0', 'Mercedes-Benz', 'Classe GLE', 'ABS', 'Airbags', 'CD/MP3/Bluetooth', 'Cam√©ra de recul', 'Climatisation', 'ESP']","['https://content.avito.ma/classifieds/images/10143707825?t=images', 'https://content.avito.ma/classifieds/images/10143707823?t=images', 'https://content.avito.ma/classifieds/images/10143707825?t=images', 'https://content.avito.ma/classifieds/images/10143707823?t=images']"
51,https://www.avito.ma/fr/mozart/voitures_d_occasion/Mini_cooper_SD_diesel_manuel_2015_diwana_____57455343.htm,Mini cooper SD diesel manuel 2015 diwanaüá©üá™,185‚ÄØ000 DH,"['Mozart, Tanger', 'il y a 16 minutes', 'Mozart, Tanger', 'il y a 16 minutes']",VIP Auto Tanger,"[""Voitures d'occasion, √† vendre"", '2015', 'Manuelle', 'Diesel', '110000', 'Mini', 'Cooper', 'ABS', 'Airbags', 'CD/MP3/Bluetooth', 'Cam√©ra de recul', 'Climatisation', 'ESP']","['https://content.avito.ma/classifieds/images/10144486298?t=images', 'https://content.avito.ma/classifieds/images/10144486299?t=images', 'https://content.avito.ma/classifieds/images/10144486298?t=images', 'https://content.avito.ma/classifieds/images/10144486299?t=images']"
52,https://www.avito.ma/fr/a√Øn_chock/voitures_d_occasion/Volkswagen_T_roc_55824912.htm,Volkswagen T-roc,,"['A√Øn Chock, Casablanca', 'il y a 16 minutes', 'A√Øn Chock, Casablanca', 'il y a 16 minutes']",AUTO SPOT,"[""Voitures d'occasion, √† vendre"", '2024', 'Automatique', 'Diesel', '20000', 'Volkswagen', 'T-Roc', 'ABS', 'Airbags', 'CD/MP3/Bluetooth', 'Cam√©ra de recul', 'Climatisation', 'ESP']","['https://content.avito.ma/classifieds/images/10142697128?t=images', 'https://content.avito.ma/classifieds/images/10142697131?t=images', 'https://content.avito.ma/classifieds/images/10142697128?t=images', 'https://content.avito.ma/classifieds/images/10142697131?t=images']"
53,https://www.avito.ma/fr/a√Øn_chock/voitures_d_occasion/Modus_√†_vendre_57511909.htm,Modus √† vendre,67‚ÄØ000 DH,"['A√Øn Chock, Casablanca', 'il y a 15 minutes', 'A√Øn Chock, Casablanca', 'il y a 15 minutes']",Mohammed,"[""Voitures d'occasion, √† vendre"", '2006', 'Manuelle', 'Diesel', '150000', 'Renault', 'Modus', 'ABS', 'Airbags', 'CD/MP3/Bluetooth', 'Climatisation', 'Jantes aluminium', 'Vitres √©lectriques']","['https://content.avito.ma/classifieds/images/10145113289?t=images', 'https://content.avito.ma/classifieds/images/10145113295?t=images', 'https://content.avito.ma/classifieds/images/10145113289?t=images', 'https://content.avito.ma/classifieds/images/10145113295?t=images']"
54,https://www.avito.ma/fr/maarif/voitures_d_occasion/BMW_S√©rie_8_57402399.htm,BMW S√©rie 8,Prix en hausse850‚ÄØ000 DH,"['Maarif, Casablanca', 'il y a 21 minutes', 'Maarif, Casablanca', 'il y a 21 minutes']",AUTO REDA,"[""Voitures d'occasion, √† vendre"", '2020', 'Automatique', 'Diesel', '90000', 'BMW', 'S√©rie 8']","['https://content.avito.ma/classifieds/images/10143975608?t=images', 'https://content.avito.ma/classifieds/images/10143975620?t=images', 'https://content.avito.ma/classifieds/images/10143975608?t=images', 'https://content.avito.ma/classifieds/images/10143975620?t=images']"
55,https://www.avito.ma/fr/a√Øn_diab/voitures_de_location/Location_de_voitures_55842299.htm,Location de voitures,,"['A√Øn Diab, Casablanca', 'il y a 20 minutes', 'A√Øn Diab, Casablanca', 'il y a 20 minutes']",vog car,"['Voitures de location, √† louer']","['https://content.avito.ma/classifieds/images/10137748935?t=images', 'https://content.avito.ma/classifieds/images/10128948791?t=images', 'https://content.avito.ma/classifieds/images/10137748935?t=images', 'https://content.avito.ma/classifieds/images/10128948791?t=images']"
56,https://www.avito.ma/fr/2_mars/voitures_d_occasion/Volkswagen_Touareg_Confort_plus_56898469.htm,Volkswagen Touareg Confort plus,380‚ÄØ000 DH,"['2 Mars, Casablanca', 'il y a 21 minutes', '2 Mars, Casablanca', 'il y a 21 minutes']",Brookline auto,"[""Voitures d'occasion, √† vendre"", '2021', 'Automatique', 'Diesel', '100000', 'Volkswagen', 'Touareg']","['https://content.avito.ma/classifieds/images/10144023231?t=images', 'https://content.avito.ma/classifieds/images/10144023229?t=images', 'https://content.avito.ma/classifieds/images/10144023231?t=images', 'https://content.avito.ma/classifieds/images/10144023229?t=images']"
57,https://www.avito.ma/fr/maarif/voitures_d_occasion/MERCEDES_BENZ_CLASSE_C_56384423.htm,MERCEDES-BENZ CLASSE C,Prix √† la baisse420‚ÄØ000 DH,"['Maarif, Casablanca', 'il y a 19 minutes', 'Maarif, Casablanca', 'il y a 19 minutes']",AUTO REDA,"[""Voitures d'occasion, √† vendre"", '2019', 'Automatique', 'Diesel', '100000', 'Mercedes-Benz', 'Classe C', 'ABS', 'Airbags', 'CD/MP3/Bluetooth', 'Cam√©ra de recul', 'Climatisation', 'ESP']","['https://content.avito.ma/classifieds/images/10144773108?t=images', 'https://content.avito.ma/classifieds/images/10144773116?t=images', 'https://content.avito.ma/classifieds/images/10144773108?t=images', 'https://content.avito.ma/classifieds/images/10144773116?t=images']"
58,https://www.avito.ma/fr/fes_jdid/voitures_d_occasion/Ford_Fiesta_Diesel_Manuelle_2019_√†_F√®s_57443601.htm,Ford Fiesta Diesel Manuelle 2019 √† F√®s,150‚ÄØ000 DH,"['Fes Jdid, F√®s', 'il y a 16 minutes', 'Fes Jdid, F√®s', 'il y a 16 minutes']",Otoclic,"[""Voitures d'occasion, √† vendre"", '2019', 'Manuelle', 'Diesel', '90000', 'Ford', 'Fiesta', 'ABS', 'Airbags', 'CD/MP3/Bluetooth', 'Climatisation', 'ESP', 'Limiteur de vitesse']","['https://content.avito.ma/classifieds/images/10144365249?t=images', 'https://content.avito.ma/classifieds/images/10144365252?t=images', 'https://content.avito.ma/classifieds/images/10144365249?t=images', 'https://content.avito.ma/classifieds/images/10144365252?t=images']"
59,https://www.avito.ma/fr/ain_sebaa/voitures_d_occasion/Nissan_Qashqai_1_3_l_DIG_T_150_CVT_Tekna_55716114.htm,Nissan Qashqai 1.3 l DIG-T 150 CVT Tekna,Prix en hausse247‚ÄØ000 DH,"['Ain Sebaa, Casablanca', 'il y a 19 minutes', 'Ain Sebaa, Casablanca', 'il y a 19 minutes']",otoclic casablanca,"[""Voitures d'occasion, √† vendre"", '2022', 'Automatique', 'Essence', '75000', 'Nissan', 'Qashqai', 'ABS', 'Airbags', 'CD/MP3/Bluetooth', 'Cam√©ra de recul', 'Climatisation', 'ESP']","['https://content.avito.ma/classifieds/images/10142874916?t=images', 'https://content.avito.ma/classifieds/images/10142874925?t=images', 'https://content.avito.ma/classifieds/images/10142874916?t=images', 'https://content.avito.ma/classifieds/images/10142874925?t=images']"
60,https://www.avito.ma/fr/zerhounia/voitures_d_occasion/RENAULT_CLIO_M2022_56387788.htm,RENAULT CLIO M2022,,"['Zerhounia, Mekn√®s', 'il y a 19 minutes', 'Zerhounia, Mekn√®s', 'il y a 19 minutes']",SOULTANA AUTO,"[""Voitures d'occasion, √† vendre"", '2022', 'Manuelle', 'Diesel', '110000', 'Renault', 'Clio', 'ABS', 'Airbags', 'CD/MP3/Bluetooth', 'Cam√©ra de recul', 'Climatisation', 'ESP']","['https://content.avito.ma/classifieds/images/10139972334?t=images', 'https://content.avito.ma/classifieds/images/10139972398?t=images', 'https://content.avito.ma/classifieds/images/10139972334?t=images', 'https://content.avito.ma/classifieds/images/10139972398?t=images']"
61,https://www.avito.ma/fr/agdal/voitures_d_occasion/Mercedes_Benz_Classe_E_Diesel_Automatique_2025_57511904.htm,Mercedes-Benz Classe E Diesel Automatique 2025,,"['Agdal, Rabat', 'il y a 16 minutes', 'Agdal, Rabat', 'il y a 16 minutes']",Fahdi,"[""Voitures d'occasion, √† vendre"", '2025', 'Automatique', 'Diesel', '10000', 'Mercedes-Benz', 'Classe E']","['https://content.avito.ma/classifieds/images/10145113259?t=images', 'https://content.avito.ma/classifieds/images/10145113260?t=images', 'https://content.avito.ma/classifieds/images/10145113259?t=images', 'https://content.avito.ma/classifieds/images/10145113260?t=images']"
62,https://www.avito.ma/fr/beaus√©jour/voitures_de_location/Dacia_Sandero___Location_pas_ch√®re_Casablanca_57396905.htm,Dacia Sandero ‚Äì Location pas ch√®re Casablanca,,"['Beaus√©jour, Casablanca', 'il y a 21 minutes', 'Beaus√©jour, Casablanca', 'il y a 21 minutes']",1 service car,"['Voitures de location, √† louer']","['https://content.avito.ma/classifieds/images/10143919501?t=images', 'https://content.avito.ma/classifieds/images/10143919504?t=images', 'https://content.avito.ma/classifieds/images/10143919501?t=images', 'https://content.avito.ma/classifieds/images/10143919504?t=images']"
63,https://www.avito.ma/fr/centre/voitures_d_occasion/VW_UP_GTI_6cv_2018_D√©douan√©e_2023_Toutes_Options_57174991.htm,VW UP GTI 6cv 2018 D√©douan√©e 2023 Toutes Options,Prix √† la baisse168‚ÄØ000 DH,"['Centre, Tanger', 'il y a 21 minutes', 'Centre, Tanger', 'il y a 21 minutes']",AUTOMOBILES TINGIS,"[""Voitures d'occasion, √† vendre"", '2018', 'Manuelle', 'Essence', '100000', 'Volkswagen', 'UP', 'ABS', 'Airbags', 'CD/MP3/Bluetooth', 'Cam√©ra de recul', 'Climatisation', 'ESP']","['https://content.avito.ma/classifieds/images/10142771641?t=images', 'https://content.avito.ma/classifieds/images/10142770310?t=images', 'https://content.avito.ma/classifieds/images/10142771641?t=images', 'https://content.avito.ma/classifieds/images/10142770310?t=images']"
64,https://www.avito.ma/fr/sidi_bernoussi/voitures_d_occasion/Qashqai_2l_Nkiya_57511900.htm,Qashqai 2l Nkiya,112‚ÄØ000 DH,"['Sidi Bernoussi, Casablanca', 'il y a 21 minutes', 'Sidi Bernoussi, Casablanca', 'il y a 21 minutes']",MED TAHA,"[""Voitures d'occasion, √† vendre"", '2011', 'Manuelle', 'Diesel', '255000', 'Nissan', 'Qashqai', 'ABS', 'Airbags', 'CD/MP3/Bluetooth', 'Climatisation', 'Jantes aluminium', 'Ordinateur de bord']","['https://content.avito.ma/classifieds/images/10145113163?t=images', 'https://content.avito.ma/classifieds/images/10145113164?t=images', 'https://content.avito.ma/classifieds/images/10145113163?t=images', 'https://content.avito.ma/classifieds/images/10145113164?t=images']"
65,https://www.avito.ma/fr/najd/voitures_d_occasion/hyundai_tucson_mod√®le_2018_57283374.htm,hyundai tucson mod√®le 2018,,"['Najd, El Jadida', 'il y a 22 minutes', 'Najd, El Jadida', 'il y a 22 minutes']",Auto foriz,"[""Voitures d'occasion, √† vendre"", '2018', 'Automatique', 'Diesel', '130000', 'Hyundai', 'Tucson', 'ABS', 'Airbags', 'CD/MP3/Bluetooth', 'Cam√©ra de recul', 'Climatisation', 'ESP']","['https://content.avito.ma/classifieds/images/10143187773?t=images', 'https://content.avito.ma/classifieds/images/10143187772?t=images', 'https://content.avito.ma/classifieds/images/10143187773?t=images', 'https://content.avito.ma/classifieds/images/10143187772?t=images']"
66,https://www.avito.ma/fr/ain_sebaa/voitures_d_occasion/Peugeot_208_1_6_HDi_92_Allure_Pack_56171836.htm,Peugeot 208 1.6 HDi 92 Allure Pack,Prix √† la baisse119‚ÄØ000 DH,"['Ain Sebaa, Casablanca', 'il y a 22 minutes', 'Ain Sebaa, Casablanca', 'il y a 22 minutes']",otoclic casablanca,"[""Voitures d'occasion, √† vendre"", '2018', 'Manuelle', 'Diesel', '95000', 'Peugeot', '208', 'ABS', 'Airbags', 'CD/MP3/Bluetooth', 'Climatisation', 'ESP', 'Jantes aluminium']","['https://content.avito.ma/classifieds/images/10144023103?t=images', 'https://content.avito.ma/classifieds/images/10144023106?t=images', 'https://content.avito.ma/classifieds/images/10144023103?t=images', 'https://content.avito.ma/classifieds/images/10144023106?t=images']"
67,https://www.avito.ma/fr/oued_f√®s/voitures_de_location/Location_de_voiture_√†_partir_de_300_dh_par_jour_55711804.htm,Location de voiture √† partir de 300 dh par jour,300 DH,"['Oued F√®s, F√®s', 'il y a 20 minutes', 'Oued F√®s, F√®s', 'il y a 20 minutes']",AUTO AMIR FES,"['Voitures de location, √† louer']","['https://content.avito.ma/classifieds/images/10127861662?t=images', 'https://content.avito.ma/classifieds/images/10127861658?t=images', 'https://content.avito.ma/classifieds/images/10127861662?t=images', 'https://content.avito.ma/classifieds/images/10127861658?t=images']"
68,https://www.avito.ma/fr/2_mars/voitures_d_occasion/Audi_RS6_Fuul_carbon_57281923.htm,Audi RS6 Fuul carbon,,"['2 Mars, Casablanca', 'il y a 26 minutes', '2 Mars, Casablanca', 'il y a 26 minutes']",Brookline auto,"[""Voitures d'occasion, √† vendre"", '2022', 'Automatique', 'Essence', '60000', 'Audi', 'A6']","['https://content.avito.ma/classifieds/images/10144721588?t=images', 'https://content.avito.ma/classifieds/images/10144721589?t=images', 'https://content.avito.ma/classifieds/images/10144721588?t=images', 'https://content.avito.ma/classifieds/images/10144721589?t=images']"
69,https://www.avito.ma/fr/hay_el_fath/voitures_d_occasion/Jaguar_XF_Essence_Automatique_2007_√†_Rabat_57504980.htm,Jaguar XF Essence Automatique 2007 √† Rabat,,"['Hay el Fath, Rabat', 'il y a 25 minutes', 'Hay el Fath, Rabat', 'il y a 25 minutes']",AutoHammou,"[""Voitures d'occasion, √† vendre"", '2007', 'Automatique', 'Essence', '130000', 'Jaguar', 'XF']","['https://content.avito.ma/classifieds/images/10145044632?t=images', 'https://content.avito.ma/classifieds/images/10145044633?t=images', 'https://content.avito.ma/classifieds/images/10145044632?t=images', 'https://content.avito.ma/classifieds/images/10145044633?t=images']"
70,https://www.avito.ma/fr/hay_el_fath/voitures_d_occasion/Fiat_500_Automatique_Essence_2021_√†_Rabat_57476769.htm,Fiat 500 Automatique Essence 2021 √† Rabat,Prix √† la baisse128‚ÄØ000 DH,"['Hay el Fath, Rabat', 'il y a 25 minutes', 'Hay el Fath, Rabat', 'il y a 25 minutes']",ROYALCAR RABAT,"[""Voitures d'occasion, √† vendre"", '2021', 'Automatique', 'Essence', '90000', 'Fiat', '500', 'ABS', 'Airbags', 'CD/MP3/Bluetooth', 'Climatisation', 'ESP', 'Limiteur de vitesse']","['https://content.avito.ma/classifieds/images/10145018056?t=images', 'https://content.avito.ma/classifieds/images/10145018062?t=images', 'https://content.avito.ma/classifieds/images/10145018056?t=images', 'https://content.avito.ma/classifieds/images/10145018062?t=images']"
71,https://www.avito.ma/fr/najd/voitures_d_occasion/Kia_Sportage_Diesel_Automatique_2024_√†_El_Jadida_57229051.htm,Kia Sportage Diesel Automatique 2024 √† El Jadida,,"['Najd, El Jadida', 'il y a 24 minutes', 'Najd, El Jadida', 'il y a 24 minutes']",Auto foriz,"[""Voitures d'occasion, √† vendre"", '2024', 'Automatique', 'Diesel', '50000', 'Kia', 'Sportage', 'ABS', 'Airbags', 'CD/MP3/Bluetooth', 'Cam√©ra de recul', 'Climatisation', 'ESP']","['https://content.avito.ma/classifieds/images/10143814230?t=images', 'https://content.avito.ma/classifieds/images/10143814238?t=images', 'https://content.avito.ma/classifieds/images/10143814230?t=images', 'https://content.avito.ma/classifieds/images/10143814238?t=images']"
72,https://www.avito.ma/fr/oasis/voitures_d_occasion/Mercedes_Benz_C_220_d_Facelift_√†_Casablanca_55523114.htm,Mercedes-Benz C 220 d Facelift √† Casablanca,,"['Oasis, Casablanca', 'il y a 22 minutes', 'Oasis, Casablanca', 'il y a 22 minutes']",oasis cars,"[""Voitures d'occasion, √† vendre"", '2019', 'Automatique', 'Diesel', '130000', 'Mercedes-Benz', 'Classe C', 'ABS', 'Airbags', 'CD/MP3/Bluetooth', 'Cam√©ra de recul', 'Climatisation', 'ESP']","['https://content.avito.ma/classifieds/images/10144342846?t=images', 'https://content.avito.ma/classifieds/images/10144342844?t=images', 'https://content.avito.ma/classifieds/images/10144342846?t=images', 'https://content.avito.ma/classifieds/images/10144342844?t=images']"
73,https://www.avito.ma/fr/agdal/voitures_d_occasion/Dacia_Duster_vitesse_automatique_fin_2022_57511896.htm,Dacia Duster vitesse automatique fin 2022,,"['Agdal, F√®s', 'il y a 22 minutes', 'Agdal, F√®s', 'il y a 22 minutes']",particulier,"[""Voitures d'occasion, √† vendre"", '2022', 'Automatique', 'Diesel', '75000', 'Dacia', 'Duster']","['https://content.avito.ma/classifieds/images/10145113140?t=images', 'https://content.avito.ma/classifieds/images/10145113143?t=images', 'https://content.avito.ma/classifieds/images/10145113140?t=images', 'https://content.avito.ma/classifieds/images/10145113143?t=images']"
74,https://www.avito.ma/fr/2_mars/voitures_d_occasion/Mercedes_benz_Classe_c_Avant_gard_57015624.htm,Mercedes-benz Classe c Avant-gard,Prix √† la baisse475‚ÄØ000 DH,"['2 Mars, Casablanca', 'il y a 24 minutes', '2 Mars, Casablanca', 'il y a 24 minutes']",Brookline auto,"[""Voitures d'occasion, √† vendre"", '2022', 'Automatique', 'Diesel', '140000', 'Mercedes-Benz', 'Classe C']","['https://content.avito.ma/classifieds/images/10141073423?t=images', 'https://content.avito.ma/classifieds/images/10141073416?t=images', 'https://content.avito.ma/classifieds/images/10141073423?t=images', 'https://content.avito.ma/classifieds/images/10141073416?t=images']"
75,https://www.avito.ma/fr/al_maghrib_al_arabi/voitures_d_occasion/Toyota_land_cruiser_56989938.htm,Toyota land cruiser,Prix en hausse260‚ÄØ000 DH,"['Al Maghrib Al Arabi, K√©nitra', 'il y a 24 minutes', 'Al Maghrib Al Arabi, K√©nitra', 'il y a 24 minutes']",AUTO DOUBLE VOIE,"[""Voitures d'occasion, √† vendre"", '2019', 'Manuelle', 'Diesel', '170000', 'Toyota', 'Land Cruiser', 'ABS', 'Airbags', 'CD/MP3/Bluetooth', 'Cam√©ra de recul', 'Climatisation', 'ESP']","['https://content.avito.ma/classifieds/images/10139638542?t=images', 'https://content.avito.ma/classifieds/images/10139638552?t=images', 'https://content.avito.ma/classifieds/images/10139638542?t=images', 'https://content.avito.ma/classifieds/images/10139638552?t=images']"
