titre,entreprise,tags,date
Senior Fullstack Developer,Zencastr,"['Featured', 'Full-Time', 'Anywhere in the World']",1d
Senior Software Engineer,WALTER,"['Featured', 'Pro', 'Full-Time', '$50,000 - $74,999 USD', 'Anywhere in the World']",8d
Senior Ruby on Rails Developer,OnTheGoSystems,"['Featured', 'Top 100', 'Full-Time', 'Anywhere in the World']",14d
Coding bootcamp - Job Guaranteed,Metana,[],Bootcamp Info
Software engineer,Sticker Mule,"['Featured', 'Top 100', 'Full-Time', '$100,000 or more USD', 'ğŸ‡¦ğŸ‡± Albania', 'ğŸ‡¦ğŸ‡¹ Austria', 'ğŸ‡§ğŸ‡ª Belgium', 'ğŸ‡§ğŸ‡¬ Bulgaria', 'ğŸ‡¨ğŸ‡¾ Cyprus', 'ğŸ‡¨ğŸ‡¿ Czechia', 'ğŸ‡©ğŸ‡ª Germany', 'ğŸ‡©ğŸ‡° Denmark', 'ğŸ‡ªğŸ‡ª Estonia', 'ğŸ‡ªğŸ‡¸ Spain', 'ğŸ‡«ğŸ‡® Finland', 'ğŸ‡«ğŸ‡· France', 'ğŸ‡¬ğŸ‡· Greece', 'ğŸ‡­ğŸ‡· Croatia', 'ğŸ‡­ğŸ‡º Hungary', 'ğŸ‡®ğŸ‡ª Ireland', 'ğŸ‡®ğŸ‡¹ Italy', 'ğŸ‡±ğŸ‡¹ Lithuania', 'ğŸ‡±ğŸ‡º Luxembourg', 'ğŸ‡±ğŸ‡» Latvia', 'ğŸ‡²ğŸ‡¹ Malta', 'ğŸ‡³ğŸ‡± Netherlands', 'ğŸ‡µğŸ‡± Poland', 'ğŸ‡µğŸ‡¹ Portugal', 'ğŸ‡·ğŸ‡´ Romania', 'ğŸ‡¸ğŸ‡ª Sweden', 'ğŸ‡¸ğŸ‡® Slovenia', 'ğŸ‡¸ğŸ‡° Slovakia']",15d
Full Stack Engineer - Ruby on Rails and React,Planning Center,"['Featured', 'Full-Time', '$100,000 or more USD', 'ğŸ‡ºğŸ‡¸ United States of America']",23d
Software Engineer - Test,Subscript,"['Full-Time', 'Anywhere in the World']",New
Senior Penetration Tester (WebApp and Network),Rapid Strategy,"['Full-Time', 'Anywhere in the World']",3d
"Fundraiser, Volunteer Ambassador",WeVote,['Full-Time'],3d
Software Engineer,Cortes 23,"['Full-Time', '$50,000 - $74,999 USD', 'ğŸ‡¦ğŸ‡· Argentina', 'ğŸ‡§ğŸ‡ª Belgium', 'ğŸ‡§ğŸ‡¬ Bulgaria', 'ğŸ‡§ğŸ‡· Brazil', 'ğŸ‡¨ğŸ‡± Chile', 'ğŸ‡¨ğŸ‡´ Colombia', 'ğŸ‡¨ğŸ‡¿ Czechia', 'ğŸ‡©ğŸ‡ª Germany', 'ğŸ‡ªğŸ‡¸ Spain', 'ğŸ‡«ğŸ‡· France', 'ğŸ‡¬ğŸ‡§ United Kingdom of Great Britain and Northern Ireland', 'ğŸ‡­ğŸ‡º Hungary', 'ğŸ‡®ğŸ‡ª Ireland', 'ğŸ‡²ğŸ‡½ Mexico', 'ğŸ‡³ğŸ‡± Netherlands', 'ğŸ‡µğŸ‡ª Peru', 'ğŸ‡µğŸ‡± Poland', 'ğŸ‡µğŸ‡¹ Portugal', 'ğŸ‡·ğŸ‡¸ Serbia', 'ğŸ‡¸ğŸ‡ª Sweden', 'ğŸ‡ºğŸ‡¾ Uruguay']",4d
Senior Shopify Developer (Remote + Flexible),Storetasker,"['Contract', 'Anywhere in the World']",4d
AI Software Engineer,SlideSpeak,"['Full-Time', '$50,000 - $74,999 USD', 'ğŸ‡¦ğŸ‡© Andorra', 'ğŸ‡¦ğŸ‡± Albania', 'ğŸ‡¦ğŸ‡² Armenia', 'ğŸ‡¦ğŸ‡¹ Austria', 'ğŸ‡§ğŸ‡¦ Bosnia and Herzegovina', 'ğŸ‡§ğŸ‡ª Belgium', 'ğŸ‡§ğŸ‡¬ Bulgaria', 'ğŸ‡§ğŸ‡¾ Belarus', 'ğŸ‡¨ğŸ‡­ Switzerland', 'ğŸ‡¨ğŸ‡¾ Cyprus', 'ğŸ‡¨ğŸ‡¿ Czechia', 'ğŸ‡©ğŸ‡ª Germany', 'ğŸ‡©ğŸ‡° Denmark', 'ğŸ‡ªğŸ‡ª Estonia', 'ğŸ‡ªğŸ‡¸ Spain', 'ğŸ‡«ğŸ‡® Finland', 'ğŸ‡«ğŸ‡· France', 'ğŸ‡¬ğŸ‡§ United Kingdom of Great Britain and Northern Ireland', 'ğŸ‡¬ğŸ‡· Greece', 'ğŸ‡­ğŸ‡· Croatia', 'ğŸ‡­ğŸ‡º Hungary', 'ğŸ‡®ğŸ‡ª Ireland', 'ğŸ‡®ğŸ‡¸ Iceland', 'ğŸ‡®ğŸ‡¹ Italy', 'ğŸ‡°ğŸ‡¿ Kazakhstan', 'ğŸ‡±ğŸ‡¹ Lithuania', 'ğŸ‡±ğŸ‡º Luxembourg', 'ğŸ‡±ğŸ‡» Latvia', 'ğŸ‡²ğŸ‡© Moldova (Republic of)', 'ğŸ‡²ğŸ‡ª Montenegro', 'ğŸ‡²ğŸ‡¹ Malta', 'ğŸ‡µğŸ‡± Poland', 'ğŸ‡µğŸ‡¹ Portugal', 'ğŸ‡·ğŸ‡´ Romania', 'ğŸ‡·ğŸ‡¸ Serbia', 'ğŸ‡·ğŸ‡º Russian Federation', 'ğŸ‡¸ğŸ‡ª Sweden', 'ğŸ‡¸ğŸ‡® Slovenia', 'ğŸ‡¸ğŸ‡° Slovakia', 'ğŸ‡¹ğŸ‡¯ Tajikistan', 'ğŸ‡¹ğŸ‡² Turkmenistan', 'ğŸ‡¹ğŸ‡· TÃ¼rkiye', 'ğŸ‡ºğŸ‡¦ Ukraine', 'ğŸ‡¿ğŸ‡¦ South Africa']",8d
"Senior Software Engineer, Growth",Clerk,"['Full-Time', '$100,000 or more USD', 'Anywhere in the World']",11d
Product Marketing Lead,WeVote,['Full-Time'],11d
Optimization Specialist,ONeil Interactive,['Full-Time'],11d
Senior Web Application Developer,Details,"['Full-Time', 'Anywhere in the World']",11d
Full Stack Developer,QinetiQ US,['Full-Time'],11d
"Experienced Full-Stack Software Engineer (.NET/React), 80â€“100% (f/m/x), fully remote",comparis.ch,"['Full-Time', 'Anywhere in the World']",13d
Senior Software Engineer,fonio,"['Full-Time', '$100,000 or more USD', 'Anywhere in the World']",16d
Senior Software Engineer,Stellar AI,"['Contract', 'Anywhere in the World']",18d
Applied AI Engineer,SuperPlane Inc.,"['Contract', 'ğŸ‡¦ğŸ‡· Argentina', 'ğŸ‡§ğŸ‡¦ Bosnia and Herzegovina', 'ğŸ‡§ğŸ‡· Brazil', 'ğŸ‡¨ğŸ‡¿ Czechia', 'ğŸ‡ªğŸ‡¸ Spain', 'ğŸ‡­ğŸ‡· Croatia', 'ğŸ‡®ğŸ‡¹ Italy', 'ğŸ‡²ğŸ‡ª Montenegro', 'ğŸ‡²ğŸ‡° North Macedonia', 'ğŸ‡µğŸ‡± Poland', 'ğŸ‡µğŸ‡¹ Portugal', 'ğŸ‡·ğŸ‡¸ Serbia']",18d
Passionate Full-Stack Engineer (SEO-Focused Company),SerpNames,"['Full-Time', '$25,000 - $48,999 USD', 'Anywhere in the World']",18d
Full-Stack Engineer,DynamiCare Health,"['Full-Time', '$100,000 or more USD', 'ğŸ‡ºğŸ‡¸ United States of America']",22d
Senior Fullstack Developer (Python),Proxify AB,"['Top 100', 'Full-Time', 'Anywhere in the World']",22d
Senior Fullstack Developer (Vue.js & Python),Proxify AB,"['Top 100', 'Full-Time', 'Anywhere in the World']",22d
Senior PHP Full-stack Developer,Lemon.io,"['Top 100', 'Full-Time', 'Anywhere in the World']",23d
Senior Full-stack Developer,Lemon.io,"['Top 100', 'Full-Time', 'Anywhere in the World']",23d
"Senior Software Engineer (.NET, Node.js, React)",OpsFlow,"['Contract', '$50,000 - $74,999 USD', 'Anywhere in the World']",25d
Full Stack Developer,Karmah,"['Full-Time', 'Anywhere in the World']",25d
Low-Ego â€¢ High-Impact Junior Developer For AI Company,DRT FM - Humble Echo LLC,"['Full-Time', '$25,000 - $48,999 USD', 'Anywhere in the World']",25d
"Software Engineer, Business Experience",CodeSignal,"['Full-Time', 'Anywhere in the World']",26d
Sr Web Applications Developer - eCommerce,DexCom,"['Full-Time', 'Anywhere in the World']",28d
Senior Web Application Architect,DevSelect,['Full-Time'],28d
Senior Web Applications Developer,Vituity,['Full-Time'],28d
Sdet,Cotiviti,"['Full-Time', 'Anywhere in the World']",28d
.Net Junior-level Software Engineer,Edgewater Federal Solutions,['Full-Time'],28d
Senior Independent Software Developer ($90-$170/hr),A.Team,"['Contract', 'Anywhere in the World']",30d
